page_name;disclaimer;page_id;page_category;classification
Democratic Alliance;Democratic Alliance;6011868110;NA;DA
Pledge To Vote SA;Pledge to Vote;116657351312927;NA;Unknown
We Are The People;We Are The People;297994620053331;NA;Unknown
Constitution Hill;Constitution Hill;114693323618746;NA;DA
Daily Maverick;Daily Maverick;171090380838;NA;Media Organization
Electoral Commission of South Africa (IEC);Mediamix360 (Pty) Ltd;142220055851036;NA;Government Institution
Vryheidsfront Plus / Freedom Front Plus;Vryheidsfront Plus / Freedom Front Plus;187645864452;NA;Vryheidsfront Plus
RISE Mzansi;RISE Mzansi;100326729576675;Public service;Unknown
Ask SA;Freedom Advocacy Network;106247942465530;Market research consultant;NGO/Civil Society
MyANC;African National Congress;190104684357654;NA;ANC
Referendum Party;Referendum Party;105277125868031;Political party;Referendum Party
Jerusalem Prayer Team;These ads ran without a disclaimer;292351509697;NA;Unknown
DA KZN;Democratic Alliance;178713262328364;NA;DA
Free Market Foundation South Africa;Free Market Foundation South Africa;111247355576572;Non-profit organisation;NGO/Civil Society
Action SA;ActionSA;102765088210163;Political organisation;ActionSA
Democratic Alliance Gauteng;Democratic Alliance Gauteng;448191278579586;Political organisation;DA
AwakeMzansi;AwakeMzansi;1742410059361710;Political organisation;Unknown
African Congress for Transformation;African Congress For Transformation;108903502317398;Political party;ACT
Democratic Alliance Western Cape;Democratic Alliance Western Cape;1613030308842801;Political organisation;DA
Democratic Alliance Free State;Democratic Alliance Free State;597918073626793;NA;DA
Michael Beaumont;ActionSA;101162372423667;Politician;ActionSA
Inkatha Freedom Party - IFP;Inkatha Freedom Party - IFP;601583776591843;NA;IFP
Mayor Geordin Hill-Lewis;Mayor Geordin Hill-Lewis;109374997915302;Politician;DA
Herman Mashaba;ActionSA;817419378298114;NA;ActionSA
Mmusi Maimane;BOSA;202411219782842;NA;BOSA
GOOD;GOOD Political Party;581475018952196;NA;GOOD
Greenpeace Africa;Greenpeace Africa;57206003848;NA;NGO/Civil Society
Amnesty International South Africa;Amnesty International South Africa;133307190069756;Charity organisation;NGO/Civil Society
ACDP;ACDP;379138726819;NA;ACDP
Futurelect;Futurelect;150610068952880;NA;Unknown
Cape Independence Advocacy Group;Cape Independence Advocacy Group;112315630440653;Non-profit organisation;NGO/Civil Society
Sanral;Media Mix 360;1544903435791346;Local business;Company
City of Cape Town;City of Cape Town;144985128871748;Town/city;Government Institution
Premier Alan Winde;Western Cape Government;584566048684873;NA;Government Institution
Solly Msimanga;Solly Msimanga;170381763427734;NA;DA
VF Plus - Vrystaat;Vryheidsfront Plus / Freedom Front Plus;259922021421962;NA;Vryheidsfront Plus
Blessings Ramoba;Blessings Ramoba;111483097853944;Public figure;Independent
MACUA & WAMUA;MACUA WAMUA Advice Office;100935644982367;Community organisation;NGO/Civil Society
GroundUp;GroundUp News NPC;165736836881428;Media/news company;Media Organization
Blessings Ramoba Page;Blessings Ramoba Page;108219301666776;Public figure;Independent
Newzroom Afrika;Newzroom Afrika;2043555235937273;TV channel;Media Organization
Big Debate South Africa;Big Debate South Africa;295342903925145;NA;Media Organization
Al Jama-ah;Al Jama-ah;102265308016316;Political organisation;Al Jama-ah
Dear South Africa;DearSA;311936835992045;NA;NGO/Civil Society
South Africa Biz Insider;These ads ran without a disclaimer;220407054498101;NA;Unknown
Africa Check;Africa Check;484978191533810;NA;NGO/Civil Society
African Movement Congress;African Movement Congress;213957325134859;NA;AMC
Bill Gates;These ads ran without a disclaimer;216311481960;Public figure;Unknown
Ramoba Blessings Lehlohonolo;Ramoba Blessings Lehlohonolo;127839327089920;NA;Independent
Kagiso Trust;Kagiso Trust;253159094544360;NA;NGO/Civil Society
VF Plus Noord-Kaap;Vryheidsfront Plus / Freedom Front Plus;1782040965354618;NA;Vryheidsfront Plus
South African Institute of Race Relations;South African Institute of Race Relations;86579745433;NA;NGO/Civil Society
Solidariteit;Solidariteit;195909420099;Legal service;NGO/Civil Society
Let Them Live;These ads ran without a disclaimer;160630887998827;NA;Unknown
African National Congress - Northern Cape Province;African National Congress - Northern Cape Province;151042501616806;NA;ANC
AI Chat ¬∑ Chatbot Assistant;These ads ran without a disclaimer;2012617162329822;NA;Company
Zackie2024;Zackie2024;112933978402440;NA;Independent
Action Society;Action Society;2145594122138312;Charity organisation;NGO/Civil Society
Democratic Alliance - Northern Areas;Democratic Alliance;2215254718532346;Political organisation;DA
ELF South Africa;ELF-SA;305458552922888;NA;ELF-SA
Womankind Worldwide;These ads ran without a disclaimer;164362913586214;NA;NGO/Civil Society
Open Cities Lab;Open Cities Lab;1605752276377449;NA;NGO/Civil Society
Financial Mail;BusinessLIVE;119736861394881;News & media website;Media Organization
The Wall Street Journal;These ads ran without a disclaimer;8304333127;Media/news company;Media Organization
Rasheed Gutta Sun Party;Sun Party;274341479100018;NA;Sun Party
Marwane El Ouakil;These ads ran without a disclaimer;547029012129573;NA;Unknown
Democratic Alliance Eastern Cape;Democratic Alliance;153698181363705;Political organisation;DA
Democratic Alliance Northern Cape;Democratic Alliance;182843381896565;NA;DA
The Daily Friend;The Daily Friend;106172744063430;News & media website;Media Organization
Sunday Times ZA;Sunday Times;478479492268974;NA;Media Organization
Investec;Investec Ltd;188258421272216;NA;Company
Andrus Strauss;Andrus Strauss;124185337598031;NA;Hope4SA
Free Dem Supporters;Free Dem Supporters;181039755097301;NA;Free Democrats
DA Nelson Mandela Bay;Democratic Alliance;111326403969815;Political party;DA
DA GPL;DA Gauteng Provincial Legislature;336794296437261;NA;DA
African Transformation Movement - ATM;African Transformation Movement - ATM;1854698871489243;NA;ATM
Western Cape Education Department;Western Cape Education Department;105398335585126;Government organisation;Government Institution
Vryheidsfront Plus Wes-Kaap / Freedom Front Plus Western Cape;Vryheidsfront Plus / Freedom Front Plus;147301545821830;NA;Vryheidsfront Plus
UNFPA;These ads ran without a disclaimer;158714780827513;Non-profit organisation;NGO/Civil Society
Democratic Alliance Kouga;Democratic Alliance;228597353852511;NA;DA
Rooies Strauss;Rooies Strauss;125128337503452;NA;Hope4SA
Pestalozzi Trust;Pestalozzi Trust;387815798032970;NA;NGO/Civil Society
Hope4SA;Hope4SA;189081630955563;NA;Hope4SA
The Organic Humanity Movement;The Organic Humanity Movement;222462974956649;NA;OHM
Notukela Makohliso;ACTIONSA;264019640131004;NA;ActionSA
Times LIVE;TimesLIVE;136956534616;Media/news company;Media Organization
DA Sundays River Valley - Zuurberg;Democratic Alliance;219459955135757;Political organisation;DA
Let's Talk Cape Independence;Let's Talk Cape Independence;110945727326646;Podcast;Unknown
Free Democrats of South Africa;Johan Reid;108598772340093;Political party;Free Democrats
Tree of Life MinistriesÔΩúEvangelism in Israel;These ads ran without a disclaimer;117592091643709;NA;Unknown
Democratic Alliance Buffalo City;Democratic Alliance;1501357930107569;NA;DA
Western Cape Government;Western Cape Government;740116816003959;NA;Government Institution
FW de Klerk Foundation;FW de Klerk Foundation;217696894929887;Non-profit organisation;NGO/Civil Society
Sihle Zikalala;Sihle Zikalala;434577883273454;NA;ANC
Midvaal Mayor Peter Teixeira;Midvaal Local Municipality;100827405690611;Public figure;DA
Democratic Alliance - Winterhoek Constituency - Uitenhage;Democratic Alliance;344618812954270;NA;DA
Cyril Ramaphosa Foundation;Cyril Ramaphosa Foundation;794336640617861;NA;NGO/Civil Society
Community Chest Durban;Community Chest Durban;141100792595323;Non-profit organisation;NGO/Civil Society
Free Speech Union South Africa;Free Speech Union South Africa;105758608971668;Non-profit organisation;NGO/Civil Society
Fx vintage signal;These ads ran without a disclaimer;195953520266426;NA;Unknown
Free State Insider;Free State Insider;1589964351310913;Newspaper;Media Organization
Muslimi;These ads ran without a disclaimer;101837288924546;Community group;Unknown
Cape Independence;Cape Independence;104304835182496;Community;Unknown
Protect Our Next;Protect Our Next;109039874092625;Non-profit organisation;NGO/Civil Society
Partners in Sexual Health;Partners in Sexual Health;111455384155;Non-profit organisation;NGO/Civil Society
Retief Odendaal NMB;Democratic Alliance;108067170798815;Politician;DA
Central News;Central News;246425659800809;Media/news company;Media Organization
Siyakwazi Youth Network;Siyakwazi Youth Network;1018230624896572;Community;NGO/Civil Society
Thisisacumen;Thisisacumen;446648162438519;Marketing agency;Company
TLU SA;TLU SA;107169379305548;Agriculture;Company
FAK;FAK;144954928909651;NA;Unknown
Business Insider;These ads ran without a disclaimer;20446254070;NA;Media Organization
Friedrich Naumann Foundation Africa;Friedrich Naumann Foundation;1005394976243306;Non-governmental organisation (NGO);NGO/Civil Society
Êñ∞ËèØÈ¶ôÊ∏Ø;These ads ran without a disclaimer;1798435720478073;NA;Unknown
DA Alfred Nzo;Democratic Alliance;208900765645379;NA;DA
Namakwa Civic Movement;Namakwa Civic Movement;109959451227969;Community organisation;Unknown
Northern Cape Communities Movement;Northern Cape Communities Movement;110175825424755;Political organisation;Unknown
Mandela Bay Community Movement;Mandela Bay Community Movement;107207061699777;Non-governmental organisation (NGO);NGO/Civil Society
DA Phesheya Kwenciba;Democratic Alliance;145820531949409;NA;DA
DA Youth - West Region;Democratic Alliance;195518447717025;NA;DA
Milaap;These ads ran without a disclaimer;315603771494;NA;Unknown
HeraldLIVE - Nelson Mandela Bay;HeraldLIVE;123971017684407;Media/news company;Media Organization
Dear SA - Have Your Say;Dear S Africa;115864538089777;Non-profit organisation;NGO/Civil Society
Traverse Le Goff MP;Traverse Le Goff MP;1019691118063870;Politician;Unknown
Democratic Alliance - George;Democratic Alliance - George;116203939761515;NA;DA
DA SB Farrow Constituency;Democratic Alliance;115285961539966;NA;DA
World School Summit;These ads ran without a disclaimer;111292608712654;Educational consultant;Unknown
Judges Matter;Judges Matter;629021617133721;NA;NGO/Civil Society
Democratic Alliance - Dr Beyers Naude;Democratic Alliance;103026604639003;Political party;DA
Democratic Alliance Table Bay Constituency;Democratic Alliance Table Bay Constituency;101051196020136;Political party;DA
Inside Politics;Inside Politics;286506558722350;NA;Unknown
DA - New Horizon Constituency;Democratic Alliance;102611432892386;Political party;DA
Move To Help Foundation;These ads ran without a disclaimer;185561295623272;NA;Unknown
Department of Public Works and Infrastructure;Department of Public Works and Infrastructure;150985408633983;NA;Government Institution
Dr Gustav Bock;Dr Gustav Bock;100641775794941;Personal blog;Unknown
Institute of Directors South Africa;The Institute of Directors South Africa;1640348822924801;NA;Company
Democratic Alliance Merafong;Democratic Alliance Merafong;281514245300699;Government organisation;DA
Ukrainian Association of South Africa –£–∫—Ä–∞—ó–Ω—Å—å–∫–∞ –ê—Å–æ—Ü—ñ–∞—Ü—ñ—è –≤ –ü–ê–†;Ukrainian Association of South Africa –£–∫—Ä–∞—ó–Ω—Å—å–∫–∞ –ê—Å–æ—Ü—ñ–∞—Ü—ñ—è –≤ –ü–ê–†;634748496574609;NA;NGO/Civil Society
DA Ntsikana Constituency;Democratic Alliance;102803819053689;Political organisation;DA
Democratic Alliance Koukamma;Democratic Alliance;302547023620740;NA;DA
DA Enoch Mgijima Constituency;Democratic Alliance;512166072501361;NA;DA
Tigerix;These ads ran without a disclaimer;104256215927640;Musician/band;Unknown
SPAR2U;These ads ran without a disclaimer;110797505135395;Shopping service;Company
DA Atlantic Seaboard Ward 54;DA Atlantic Seaboard Ward 54;113978755978036;NA;DA
Andrew Whitfield, MP;Democratic Alliance;2086579854976264;NA;DA
God of World;These ads ran without a disclaimer;104868521318772;Games/toys;Unknown
Better Life SA;These ads ran without a disclaimer;310113398853760;NA;Unknown
United Independent Movement UIM;United Independent Movement UIM;104241524782377;Public figure;Other Political Party
CGTN;These ads ran without a disclaimer;565225540184937;NA;Media Organization
Dawnmoments;These ads ran without a disclaimer;127022853648701;NA;Unknown
Foundation for Agrarian Studies;These ads ran without a disclaimer;271489862947710;NA;NGO/Civil Society
Rotary International;These ads ran without a disclaimer;7268844551;NA;NGO/Civil Society
Democratic Alliance Cradock & EC Middelburg;Democratic Alliance;101945665055819;Political party;DA
Real Reform for ECD;Equality Collective;106663871483351;Education;NGO/Civil Society
DA North East Cape Constituency;Democratic Alliance;103629318980945;Political organisation;DA
Deadline Hollywood;These ads ran without a disclaimer;105558754896;News & media website;Media Organization
Kenny Morolong;Kenny Morolong;850905551595671;NA;Unknown
SABC Education;Fortune Well;303257519793514;NA;Media Organization
Kaspersky;These ads ran without a disclaimer;127187187348820;NA;Company
Cos Turas;These ads ran without a disclaimer;106511308940838;TV programme;Unknown
TCM Originals;These ads ran without a disclaimer;101759044820561;NA;Unknown
Nicola Jowell - Ward 54;Nicola Jowell - Ward 54;510306959493838;NA;DA
DA Matjhabeng;Democratic Alliance Free State;354709835163955;NA;DA
WP Motors;These ads ran without a disclaimer;329487117136169;NA;Company
DA Ndlambe;Democratic Alliance;696300980415401;NA;DA
Jacob Zuma;Jacob Zuma;301709156360720;NA;ANC
Action SA Eastern Cape;ActionSA;108053222060253;Political organisation;ActionSA
ReStory Foundation;ReStory Foundation;1069148329765558;Non-profit organisation;NGO/Civil Society
Mpho Dagada;These ads ran without a disclaimer;286799601867802;NA;Unknown
Neighbourhood Cafe & Bar;These ads ran without a disclaimer;100299825837831;Restaurant;Company
gofundme_gaza1;These ads ran without a disclaimer;100402346452703;Profile;Unknown
hassenrasool;These ads ran without a disclaimer;100748639070727;NA;Unknown
Shine Mogale;These ads ran without a disclaimer;100793449527717;Digital creator;Unknown
Le Journal de l'Afrique;These ads ran without a disclaimer;100811872051175;Media/news company;Media Organization
Alligutter seamless gutters;These ads ran without a disclaimer;100865242376897;Contractor;Company
Jane Cowley, MPL;Democratic Alliance;100928844973434;Politician;DA
Independent Alliance IA;These ads ran without a disclaimer;101014225255542;Political party;Other Political Party
Assist Guru: AI Mobile App;These ads ran without a disclaimer;101028016417965;App Page;Company
Charming Changzhou;These ads ran without a disclaimer;101054365776547;Cultural centre;Unknown
Sunrise Fm;These ads ran without a disclaimer;101075194943289;Media;Media Organization
MostRev Abraham Thamsanqa Sibiya;These ads ran without a disclaimer;101257146145443;Digital creator;Unknown
Dalum Beverage Equipment ApS;These ads ran without a disclaimer;101663628016027;Commercial and industrial equipment supplier;Company
rupsssii;These ads ran without a disclaimer;101866667878793;Blogger;Unknown
Edge Fitness Clubs SA;These ads ran without a disclaimer;102109849197492;Gym/Physical fitness centre;Company
Ocean Purpose Project;These ads ran without a disclaimer;102303134507801;Non-governmental organisation (NGO);NGO/Civil Society
FamilyFeed;These ads ran without a disclaimer;103072574822598;News & media website;Media Organization
BRICS Global Television Network - BGTN;These ads ran without a disclaimer;103258489453937;TV network;Media Organization
hosannaholistic;These ads ran without a disclaimer;103293329420003;Profile;Unknown
Sherwood Pick n Pay, Brakpan;These ads ran without a disclaimer;103422177669894;Supermarket;Company
CNPC;These ads ran without a disclaimer;103449517822304;NA;Company
B√ú≈ûRA;These ads ran without a disclaimer;103659628590131;Health/beauty;Unknown
Africa Connect News;These ads ran without a disclaimer;103733842360357;NA;Unknown
Koketso Mogomotsi;These ads ran without a disclaimer;103759059401656;Digital creator;Unknown
Bounty Eatery;These ads ran without a disclaimer;103767172099815;Restaurant;Company
smartmomz;These ads ran without a disclaimer;103832349331456;Children and parenting;Company
Imbizo Shisanyama at Midrand Mall;These ads ran without a disclaimer;103891441583745;Bar and grill;Company
Bruno Donat;These ads ran without a disclaimer;103954999479142;Digital creator;Unknown
Riaan Roux;The Riaan Roux Show;103986432745607;Media/news company;Media Organization
Cangzhou,China;These ads ran without a disclaimer;104022512482518;Tourist information centre;Unknown
Polygon Arena;These ads ran without a disclaimer;104092195980824;Games/toys;Unknown
My Feed Highlights;These ads ran without a disclaimer;104374676103450;Magazine;Unknown
Top Padel;These ads ran without a disclaimer;104399579240929;Sport;Company
salwasalamsalwa;These ads ran without a disclaimer;104967208947533;NA;Unknown
IZZY - Stream Israel;These ads ran without a disclaimer;105039417804164;Broadcasting & media production company;Media Organization
Prime View Adventure and Leisure;These ads ran without a disclaimer;105119078516529;Bike trail;Company
Bonsai Shongwe Page 2023;These ads ran without a disclaimer;105554609109184;Author;Unknown
Category: Woman;These ads ran without a disclaimer;105756215433186;Film;Unknown
ùóñùóÆùó∫ùóΩùóÆùó∂ùó¥ùóª ùó≥ùóºùóø ùó¶ùóºùó∑ùóºùòÇùóøùóªùó≤ùóø ùóßùóøùòÇùòÅùóµ;These ads ran without a disclaimer;105888384518399;NA;Unknown
Testname-worldwide;These ads ran without a disclaimer;106000248338009;Entertainment website;Unknown
Sinopec;These ads ran without a disclaimer;1061420730573798;Petroleum service;Company
signs_4_africa;These ads ran without a disclaimer;106178157795984;Business service;Company
profkevinfenton;These ads ran without a disclaimer;106299475598378;Profile;Unknown
The Shark Bay Boutique Accommodation & Spa;These ads ran without a disclaimer;106530984305641;Spa;Company
Framboos Handcrafted Ice Cream;These ads ran without a disclaimer;106541138344405;Gelateria;Company
Govenment Approved Debt Review Program;These ads ran without a disclaimer;106863257383566;Financial service;Company
Dragons Tell Tales;These ads ran without a disclaimer;107117445556367;Magazine;Unknown
amakama_concept;These ads ran without a disclaimer;107378312035394;Profile;Unknown
ŸÜÿßÿ¥ŸàŸÜÿßŸÑ ÿßÿ±ÿØŸÜŸä jordanian national;These ads ran without a disclaimer;107648808814791;Video creator;Unknown
Glencore;These ads ran without a disclaimer;1079743815448235;Mining company;Company
How‚Äôs It Dogging?;These ads ran without a disclaimer;108018115534385;Magazine;Unknown
Harties River Hiking Trail;These ads ran without a disclaimer;108548490980255;Hiking trail;Company
calistosperiperisa;These ads ran without a disclaimer;109186875417831;Profile;Unknown
PlantVillage;These ads ran without a disclaimer;109238283936208;Non-profit organisation;NGO/Civil Society
Rugby Punt-it;These ads ran without a disclaimer;109257094201399;Media/news company;Media Organization
Kai Thai Spa South Africa;These ads ran without a disclaimer;109454113737964;Health/beauty;Company
Islove;These ads ran without a disclaimer;109814071606227;Health & wellness website;Unknown
eonhendrikse;These ads ran without a disclaimer;110241118333560;NA;Unknown
voestalpine Tubulars;These ads ran without a disclaimer;110860517186353;Product/service;Company
Clay Cafe George;These ads ran without a disclaimer;111441661881496;Restaurant;Company
Boh Bohh;These ads ran without a disclaimer;112339478432154;Digital creator;Unknown
HIX.AI;These ads ran without a disclaimer;112492168560432;Software;Company
Economic Daily, China;These ads ran without a disclaimer;112757083778788;Interest;Unknown
WorldOrder.News;These ads ran without a disclaimer;113205131621824;News & media website;Media Organization
Illuminati grand lodge usa;These ads ran without a disclaimer;113301133395169;NA;Unknown
Giggle Gems;These ads ran without a disclaimer;113555541833645;NA;Unknown
Media Forensics Hub Research;These ads ran without a disclaimer;113562841839927;NA;Unknown
Daily Voice;These ads ran without a disclaimer;113743842023920;Media/news company;Media Organization
Team Lynne & Juanita at RE/MAX Dazzle Boksburg;These ads ran without a disclaimer;113745792014409;NA;Company
Wisdom well;These ads ran without a disclaimer;114567731730963;Magazine;Unknown
Know it all;These ads ran without a disclaimer;116264741559598;NA;Unknown
Pambili Natural Resources Corporation;These ads ran without a disclaimer;1165517400171924;NA;Company
Story time;These ads ran without a disclaimer;118271861357765;Magazine;Unknown
–ú—ñ–∂–Ω–∞—Ä–æ–¥–Ω–µ —Ä–∞–¥—ñ–æ –ö–∏—Ç–∞—é;These ads ran without a disclaimer;1210034445780962;NA;Unknown
DHL Motorsports;These ads ran without a disclaimer;121350964566751;NA;Company
Great Vision Projects;These ads ran without a disclaimer;129433610260389;NA;Unknown
Southern Sun;These ads ran without a disclaimer;130105057816;NA;Company
anotherloveproductions;These ads ran without a disclaimer;130390936835341;NA;Unknown
MDPI;These ads ran without a disclaimer;131189377574;Publisher;Unknown
CCCC Tanzania;These ads ran without a disclaimer;133012216556273;NA;Unknown
SofaScene Your LifeStyle Collection;These ads ran without a disclaimer;134153360501786;NA;Company
Homes of Distinction;These ads ran without a disclaimer;135362976558257;NA;Company
Geselsnet;The Riaan Roux Show;136360389566174;Media/news company;Media Organization
ontbytSAKE;These ads ran without a disclaimer;137999536277468;NA;Unknown
Fanack.com of the Middle East and North Africa;These ads ran without a disclaimer;138756620064262;NA;Unknown
Noble Nomads GmbH;These ads ran without a disclaimer;1394789834101846;NA;Company
The Rock ZA;These ads ran without a disclaimer;141565316503104;NA;Unknown
Inside Education;Inside Education;1442286572460668;Education;Media Organization
Economist Impact;These ads ran without a disclaimer;144580066134672;Media/news company;Media Organization
Kudos: Science needs Stories;These ads ran without a disclaimer;144858089034875;NA;Unknown
Soul Souvlaki;These ads ran without a disclaimer;145385835323451;NA;Company
Amit;These ads ran without a disclaimer;146841362045058;NA;Unknown
Netafim;These ads ran without a disclaimer;147109888636038;NA;Company
Beach and Bush Team Building;These ads ran without a disclaimer;1471121206480287;NA;Company
Sounda;These ads ran without a disclaimer;147460752380358;NA;Unknown
Caminettos Pasta & Pizzeria;These ads ran without a disclaimer;152505518147349;NA;Company
World Bank;These ads ran without a disclaimer;153371894688575;Organisation;Unknown
Vox Weather;These ads ran without a disclaimer;153721696786166;NA;Unknown
Labour Research Service;Labour Research Service;1537445366507250;NA;NGO/Civil Society
Daniel Eisenman: The Freedom Catalyst;These ads ran without a disclaimer;153967071280480;NA;Unknown
The Calabash Grill & Cocktail Bar;These ads ran without a disclaimer;1551302135130394;NA;Company
Basil Tryon Ministries - Reigning as Kings;These ads ran without a disclaimer;156684584363700;NA;Unknown
financeiramente_consciente;These ads ran without a disclaimer;157887764064191;NA;Unknown
Custom Content from WSJ;These ads ran without a disclaimer;1579920062256328;NA;Media Organization
The Jerusalem Post;These ads ran without a disclaimer;159050394216641;News & media website;Media Organization
Tatenda Thom;These ads ran without a disclaimer;159831677218497;NA;Unknown
Industrial Coffee Works;These ads ran without a disclaimer;1611769522469979;NA;Company
semayildirimozkaya;These ads ran without a disclaimer;163185606883486;NA;Unknown
DR Asiya;These ads ran without a disclaimer;165215216681911;NA;Unknown
CGTN Fran√ßais;These ads ran without a disclaimer;169799706487474;NA;Media Organization
RenuTek;These ads ran without a disclaimer;173771992497262;NA;Unknown
Sneaker Bar;These ads ran without a disclaimer;174447543164805;NA;Unknown
Mzwanele Nyhontso;These ads ran without a disclaimer;176358072227397;NA;Unknown
Aman Sahu;These ads ran without a disclaimer;177313088803979;NA;Unknown
Dr. Jeffrey Nall;These ads ran without a disclaimer;177380625645754;NA;Unknown
Natura;These ads ran without a disclaimer;179496628819948;NA;Unknown
Cape Town Fish Market Bloubergstrand;These ads ran without a disclaimer;179939728828598;NA;Company
BBC StoryWorks;These ads ran without a disclaimer;1834313933459789;Media agency;Media Organization
Conservation Frontlines;These ads ran without a disclaimer;184197442480974;NA;Unknown
Association Fatimatou ZAHRA-as;These ads ran without a disclaimer;184534684745255;NA;Unknown
News Moves Markets Forex;These ads ran without a disclaimer;1876706275875274;NA;Company
Queer Majority;These ads ran without a disclaimer;1883003128429295;Magazine;Media Organization
B3 Festival of the Moving Image;These ads ran without a disclaimer;193105940867727;NA;Unknown
Need Prayer?;These ads ran without a disclaimer;194440870415229;NA;Unknown
Bridges For Peace;These ads ran without a disclaimer;194589830623431;NA;Unknown
Beau Constantia;These ads ran without a disclaimer;196816413709768;NA;Company
Dean Murray Attorneys;These ads ran without a disclaimer;197869973390147;NA;Company
George Herald;These ads ran without a disclaimer;201175613228571;NA;Media Organization
JaneDoe Offical;These ads ran without a disclaimer;201531256368419;NA;Unknown
Kathleen Davies;These ads ran without a disclaimer;204605606072944;NA;Unknown
Driving Fun & Family Car Reviews;These ads ran without a disclaimer;2065787143733742;NA;Company
Fun magazine express;These ads ran without a disclaimer;209340868917792;NA;Unknown
Bert Pretorius;These ads ran without a disclaimer;210150229021121;NA;Unknown
Palestinelivesmatter;These ads ran without a disclaimer;211928638679961;NA;NGO/Civil Society
Drommedaris;These ads ran without a disclaimer;212824888830163;NA;Unknown
Briewe uit Suburbia;These ads ran without a disclaimer;214152568445659;NA;Unknown
Africa Now News;These ads ran without a disclaimer;214317068436721;NA;Media Organization
Avon Worldwide;These ads ran without a disclaimer;216741958412414;NA;Company
mixedracefaces;These ads ran without a disclaimer;216746035789038;NA;Unknown
A‚ÄôDorian Murray-Thomas  Newark Public Schools Board Member;These ads ran without a disclaimer;2168754326748026;NA;Unknown
Bare Laser Claremont - Head Office;These ads ran without a disclaimer;217900491412770;NA;Company
Deli-icious! Catering;These ads ran without a disclaimer;218105431538376;NA;Company
Echoes Of Palestine;These ads ran without a disclaimer;222801630909735;NA;Unknown
China Plus Culture;These ads ran without a disclaimer;223495844457800;Media/news company;Media Organization
Meraki Lifestyle Brand;These ads ran without a disclaimer;224860895069589;NA;Company
Radio Pulpit / Radiokansel;These ads ran without a disclaimer;227337655573;NA;Media Organization
Return to Palestine;These ads ran without a disclaimer;227720030425230;NA;Unknown
SA United;These ads ran without a disclaimer;228859483641441;NA;Unknown
Gias on Montrose;These ads ran without a disclaimer;240954152636643;NA;Unknown
barelasersa;These ads ran without a disclaimer;243336612199878;NA;Unknown
nan_m_tnt_;These ads ran without a disclaimer;244304762103091;NA;Unknown
ONE FOR ISRAEL Ministry;These ads ran without a disclaimer;244347532249880;NA;NGO/Civil Society
Luke Storey;These ads ran without a disclaimer;244863282203833;NA;Unknown
Africamps;These ads ran without a disclaimer;246226188858269;NA;Company
AI Pixel Art 01;These ads ran without a disclaimer;247959751735075;NA;Unknown
Mohamed Elmay - Free Palestine;These ads ran without a disclaimer;252749124591010;NA;Unknown
Uniathena;These ads ran without a disclaimer;2610140028997323;NA;Unknown
AI Pixel Art-US 03;These ads ran without a disclaimer;261822930353726;NA;Unknown
HelloVoice-AI music&CloneVoice;These ads ran without a disclaimer;263116113542988;NA;Company
Centurion Mall;These ads ran without a disclaimer;263540152750;NA;Company
climatetechh;These ads ran without a disclaimer;264202573445618;NA;Unknown
BMT College;These ads ran without a disclaimer;266093635653;NA;Company
NRD Companies;These ads ran without a disclaimer;267410650127820;Software company;Company
The Daily Joy;These ads ran without a disclaimer;269684699555401;NA;Unknown
Beyond Our Blood;These ads ran without a disclaimer;273651442488303;NA;Unknown
aljamaah_gauteng;These ads ran without a disclaimer;280876125117141;NA;Al Jama-ah
Klitschko;These ads ran without a disclaimer;285530825204;NA;Unknown
Rainbow Outfit;These ads ran without a disclaimer;285991307934065;NA;Unknown
Business Day;These ads ran without a disclaimer;286638794693284;NA;Media Organization
VF Plus - Mangaung;Vryheidsfront Plus / Freedom Front Plus;294423204490645;NA;Vryheidsfront Plus
Marcel empowerment $ Encouragement;These ads ran without a disclaimer;299491296588791;NA;Unknown
Wiesenhof Lifestyle Franschhoek;These ads ran without a disclaimer;307287652458572;NA;Company
Deutschland.de;These ads ran without a disclaimer;31292782350;News & media website;Media Organization
The Amar Chitra Katha Studio;These ads ran without a disclaimer;313807031993827;NA;Unknown
Hogshead Rock Cottage;These ads ran without a disclaimer;320599524681736;NA;Unknown
"Lo""Phez Beauty Lounge";These ads ran without a disclaimer;326104773909205;NA;Company
Mykonos Restaurant Cavendish;These ads ran without a disclaimer;330103593682172;NA;Company
Amazing South Africa;These ads ran without a disclaimer;333932807038441;NA;Unknown
Malt Barrel & Fire;These ads ran without a disclaimer;339594906853535;NA;Company
KUHLE Development Centre NPC;These ads ran without a disclaimer;339953329192763;NA;NGO/Civil Society
SubZeero;These ads ran without a disclaimer;340938672425548;NA;Unknown
Public Service And Administration, RSA;These ads ran without a disclaimer;342505102498595;NA;Government Institution
Dr. Jonny Bowden;These ads ran without a disclaimer;356374285450;NA;Unknown
RFO;These ads ran without a disclaimer;357647354929263;NA;Unknown
Ample Insurance Brokers;These ads ran without a disclaimer;360018080767157;NA;Company
Phil's Auto Diagnostics;These ads ran without a disclaimer;386469271951122;NA;Company
constructsteel;These ads ran without a disclaimer;406030503457990;NA;Unknown
Microsoft AI Cloud Partner Program;These ads ran without a disclaimer;40775064593;NA;Company
Ford Sandton;These ads ran without a disclaimer;416692118506215;NA;Company
◊î◊û◊ó◊ú◊ß◊î ◊ú◊ê◊®◊í◊ï◊ü ◊ï◊ß◊©◊® ◊¢◊ù ◊ô◊©◊®◊ê◊ú◊ô◊ù ◊ë◊™◊§◊ï◊¶◊ï◊™;These ads ran without a disclaimer;426233830761545;NA;Unknown
Education Above All Foundation;These ads ran without a disclaimer;430759586971486;Non-profit organisation;NGO/Civil Society
Apeiron Art;These ads ran without a disclaimer;445713452243348;NA;Unknown
Allwork.Space;These ads ran without a disclaimer;489179047956298;NA;Unknown
Talitha CUMI News Report;These ads ran without a disclaimer;498398820565276;NA;Unknown
Palestinian Rights Institute ŸÖÿ§ÿ≥ÿ≥ÿ© ÿßŸÑÿ≠ŸÇ ÿßŸÑŸÅŸÑÿ≥ÿ∑ŸäŸÜŸä;These ads ran without a disclaimer;518828318236401;NA;NGO/Civil Society
Wild Rapids Spur Steak Ranch;These ads ran without a disclaimer;528952187224345;NA;Company
Executive Motor World;Executive Motor World;533764086797191;NA;Company
Ark Designs SA;These ads ran without a disclaimer;537598379621303;NA;Unknown
DHL Africa;These ads ran without a disclaimer;562471887119419;NA;Company
Gigi Lamayne;These ads ran without a disclaimer;566951100002495;NA;Unknown
Elecson;These ads ran without a disclaimer;632166130744961;NA;Unknown
Africans Rising;These ads ran without a disclaimer;668452799962714;NA;Unknown
ŸÖŸáÿØŸä ÿßŸÑŸÇÿ≠ÿ∑ÿßŸÜŸä;These ads ran without a disclaimer;674222436095911;NA;Unknown
Santa Fe Spur Steak Ranch;These ads ran without a disclaimer;683850664994458;NA;Company
CFD Hub;These ads ran without a disclaimer;720580372023023;NA;Unknown
Greenpeace International;These ads ran without a disclaimer;7297163299;NA;NGO/Civil Society
Al Jazeera English;These ads ran without a disclaimer;7382473689;NA;Media Organization
Baboon Matters;These ads ran without a disclaimer;74156619573;NA;Unknown
Calisto's Peri-Peri;These ads ran without a disclaimer;777036609100917;NA;Company
Kevlo Doors and Automation;These ads ran without a disclaimer;777261989128127;NA;Company
Animals Asia;These ads ran without a disclaimer;7783116506;NA;NGO/Civil Society
swissinfo;These ads ran without a disclaimer;81049933496;NA;Media Organization
Johanniter International Assistance;These ads ran without a disclaimer;817471741724983;NA;NGO/Civil Society
Sungrow;These ads ran without a disclaimer;821430017924241;NA;Unknown
Carrick Wealth;These ads ran without a disclaimer;929487433748063;NA;Company
Frontiers;These ads ran without a disclaimer;95775573753;NA;Unknown