status,id_2,timestamp,operations,ai_generated,id_6,uri,thepath,ai,notes
success,req_hy7JGJRHIRdZvXbFFGL8f,1734193918,5,0.01,med_hy7JKUu2ItVEipT8GhjDo,0164eda4df72370996c3382cda7d437b.jpg,data/media/img_hash//0164eda4df72370996c3382cda7d437b.jpg,,
success,req_hy7KGpUYs9hPFVKOcx41e,1734193960,5,0.63,med_hy7Kn35IeH4vqzlfbWe6k,0ab7e2b664be6f2d779fd182f719a580.jpg,data/media/img_hash//0ab7e2b664be6f2d779fd182f719a580.jpg,,
success,req_hy7KvJXVIdM12N7GMGuQa,1734193971,5,0.01,med_hy7KGSWyrswuTIFhbT9uC,0d51d2cd46cdb4ded87e83de35bf2279.jpg,data/media/img_hash//0d51d2cd46cdb4ded87e83de35bf2279.jpg,,
success,req_hy7K91mHJngFueBlDa5St,1734193972,5,0.01,med_hy7KYIj85IUbmpBaJAblv,0d901204f6d8f3c6da6b084153d46b75.jpg,data/media/img_hash//0d901204f6d8f3c6da6b084153d46b75.jpg,,
success,req_hy7L4pcH3hW5bCnhtOy4R,1734193994,5,0.01,med_hy7LB2gzaAPrEulRwByKY,14a85822ca8affd3b3c4dacc0466661c.jpg,data/media/img_hash//14a85822ca8affd3b3c4dacc0466661c.jpg,,
success,req_hy7LWhuIRPvwkOPXsJVxz,1734193997,5,0.98,med_hy7LLAs0R61sjgp2PdnZM,158d623a80f3d502aaa180f1131a44b1.jpg,data/media/img_hash//158d623a80f3d502aaa180f1131a44b1.jpg,1,
success,req_hy7Lx3wKULENjz0NmFZ0s,1734194009,5,0.95,med_hy7LmE8hAUsQov6ECFs9l,1979794ca990a47606b35ea6bb8e4891.jpg,data/media/img_hash//1979794ca990a47606b35ea6bb8e4891.jpg,1,
success,req_hy7LQX6SS0CdTJtLROyVn,1734194023,5,0.01,med_hy7LAmb9vBzkqlIj0HIkR,1cd9cd9e046298a0cbffa5811581732e.jpg,data/media/img_hash//1cd9cd9e046298a0cbffa5811581732e.jpg,,
success,req_hy7MWOZAQTaPltC3eRq3u,1734194043,5,0.94,med_hy7MZ6RVE4ewtKfT1Muxw,20e1679c7657865f8b883c44af1a9c40.png,data/media/img_hash//20e1679c7657865f8b883c44af1a9c40.png,,
success,req_hy7M1x5RQvYhfToaczVm6,1734194047,5,0.01,med_hy7M4RVmeC6NRSUp3CCDs,21aaa27f883f0e61087472ed5c97bcdd.png,data/media/img_hash//21aaa27f883f0e61087472ed5c97bcdd.png,,
success,req_hy7MMUqspv8XQzYPPc67I,1734194049,5,0.01,med_hy7MyV3XIg8RKgOEDtova,21c5b383c46aebe33f515620d46658e8.png,data/media/img_hash//21c5b383c46aebe33f515620d46658e8.png,,
success,req_hy7MoPeLqfo0Y1T1vhucp,1734194050,5,0.01,med_hy7MFdOjXBLWNwBwzTcJn,225ded0d79c8676657e2b41b65fd684f.jpg,data/media/img_hash//225ded0d79c8676657e2b41b65fd684f.jpg,,
success,req_hy7MPNxKcE5GujTitLRvl,1734194085,5,0.01,med_hy7Mq29IEjzI9YW4Ye866,2b8654b4b42210fbac688fae31e5bfe7.jpg,data/media/img_hash//2b8654b4b42210fbac688fae31e5bfe7.jpg,,
success,req_hy7MqPvrjidLs9sR6CyTn,1734194087,5,0.01,med_hy7MVvZMGEUu5QUwHVE7w,2bf696d5e0307670076dfcdde684caa6.jpg,data/media/img_hash//2bf696d5e0307670076dfcdde684caa6.jpg,,
success,req_hy7NYXmpawdtkKOSaOaQC,1734194112,5,0.59,med_hy7NretXcgOGHBKB6OMOV,32944f97f2dc2c83ee61e3db82406b9a.png,data/media/img_hash//32944f97f2dc2c83ee61e3db82406b9a.png,,
success,req_hy7NYcVQD0GRSIoXMTSdN,1734194116,5,0.15,med_hy7NAdMgcyYYCL0Rl3oSl,3353893ce4b1ecd356ee4e7754a80ddd.jpg,data/media/img_hash//3353893ce4b1ecd356ee4e7754a80ddd.jpg,,
success,req_hy7N62Zit6CGfCqNtFfsH,1734194120,5,0.02,med_hy7Ntp1OYqwurZlItSTAU,342719a436feace62c9e4ebd70c3c2af.jpg,data/media/img_hash//342719a436feace62c9e4ebd70c3c2af.jpg,,
success,req_hy7NB0QInC167eNurptrP,1734194121,5,0.98,med_hy7NM3DtgasyOcjrbLjG2,342f2bf5d5bd3c89f2519f98915ac786.jpg,data/media/img_hash//342f2bf5d5bd3c89f2519f98915ac786.jpg,1,
success,req_hy7N8tvKdpJrHdhWobW4o,1734194136,5,0.01,med_hy7NXi5no4d2VL4IZYrWz,38503f31cf9aad31dd84af423b7d3eef.jpg,data/media/img_hash//38503f31cf9aad31dd84af423b7d3eef.jpg,,
success,req_hy7NBJwLkrbNzBkWCDdmy,1734194146,5,0.01,med_hy7NqP2PDCgDDUQaYk7Rb,3ac84f737a57000142b24fa69d3a515f.png,data/media/img_hash//3ac84f737a57000142b24fa69d3a515f.png,,
success,req_hy7NHShTglaI9MaChE8o6,1734194157,5,0.01,med_hy7NrjvhAKEH0UfHGruCQ,3d8d77beb39cd0d84f725e15ec8d73a0.jpg,data/media/img_hash//3d8d77beb39cd0d84f725e15ec8d73a0.jpg,,
success,req_hy7O4fVELJdhxFVKYJ98b,1734194172,5,0.01,med_hy7OPbyVwjMd5uTra8ZuW,40fb729faa53e25cd7c7a4ad12fa3895.jpg,data/media/img_hash//40fb729faa53e25cd7c7a4ad12fa3895.jpg,,
success,req_hy7OWJhNSUlVBhDnRUIgI,1734194173,5,0.83,med_hy7OyVjGnZP2LDvH5N7aN,412e74fd188c0458476505e871e2c81a.jpg,data/media/img_hash//412e74fd188c0458476505e871e2c81a.jpg,,
success,req_hy7PpMCnYEnHNCLeB9KEP,1734194257,5,0.02,med_hy7PTgpnE4EFiHybFc5Fc,5644e460636110f629de3bf3691d6f48.png,data/media/img_hash//5644e460636110f629de3bf3691d6f48.png,,
success,req_hy7PK65whgaYcIsg0Pyyz,1734194264,5,0.01,med_hy7PskuOLMQ0iHHAIcDP9,58191ee5dec40316a56430698699a9ac.jpg,data/media/img_hash//58191ee5dec40316a56430698699a9ac.jpg,,
success,req_hy7PTnqOfc3D1ufDcI7kL,1734194265,5,0.74,med_hy7P8uNhWQ3avsVdhuj61,5862f9048dcd86df57e8e692bfe93642.png,data/media/img_hash//5862f9048dcd86df57e8e692bfe93642.png,,
success,req_hy7PYMdOoTlhhMHWNsv9d,1734194266,5,0.01,med_hy7Pm0E5E3J5QrKxX8N8u,5890e54c6e6c73168d697a5be27070ba.jpg,data/media/img_hash//5890e54c6e6c73168d697a5be27070ba.jpg,,
success,req_hy7Q4GQhuSRi9J5SOqY7b,1734194300,5,0.01,med_hy7QPZVYCMlrl887JQq0H,629d47962bd19593c0de25eb71510668.png,data/media/img_hash//629d47962bd19593c0de25eb71510668.png,,
success,req_hy7QU9K80HUWj0n5beBl5,1734194307,5,0.64,med_hy7QLDQvsYju6XFglGdEZ,63ea62b1636b94d00c391b3bbe8db58b.jpg,data/media/img_hash//63ea62b1636b94d00c391b3bbe8db58b.jpg,,
success,req_hy7Q2uWCkKLCqTRbodnvp,1734194327,5,0.92,med_hy7Qu7giL4ivuQzUOf401,6a63588e3aad4acaca8068251c2d5152.jpg,data/media/img_hash//6a63588e3aad4acaca8068251c2d5152.jpg,,
success,req_hy7RwJZyM3DDc8zMj397Z,1734194343,5,0.81,med_hy7RpnuGqzOZOJEGgJSFt,6f8427889c15dd986a26c0edf306f1df.png,data/media/img_hash//6f8427889c15dd986a26c0edf306f1df.png,,
success,req_hy7RyjcGLiBzrAFX5wyLi,1734194355,5,0.99,med_hy7RQL6cEsf1f3ZCMXRhJ,72aaa1b87fc548269f7dfb6b7d98c1dc.jpg,data/media/img_hash//72aaa1b87fc548269f7dfb6b7d98c1dc.jpg,1,
success,req_hy7R5K5sNo2dIus2vlHLt,1734194359,5,0.01,med_hy7R4PZSaJMOkcMkErUvZ,739c61353902b923d115f4e55521ae6c.jpg,data/media/img_hash//739c61353902b923d115f4e55521ae6c.jpg,,
success,req_hy7R5YoIDXRcYYZiTW4pO,1734194371,5,0.6,med_hy7RqQraRwhS1tk5yOPeA,75dc7482e7d98432dbd9ccb74c1a5a7d.png,data/media/img_hash//75dc7482e7d98432dbd9ccb74c1a5a7d.png,,
success,req_hy7RIjsW8iRScvcQkg7Gu,1734194375,5,0.02,med_hy7RqYhyDfjrsy4ONLPh6,76a177a16a907b5d51b8fd0679d5c76e.jpg,data/media/img_hash//76a177a16a907b5d51b8fd0679d5c76e.jpg,,
success,req_hy7RwYDWUg6LhOtP2EVA6,1734194392,5,0.75,med_hy7RyfoJwFWIvxUzAAtgv,7b0a842a872665aef2bf6762bf7567c9.jpg,data/media/img_hash//7b0a842a872665aef2bf6762bf7567c9.jpg,1,
success,req_hy7SbPBNqkOe0OVuQ0GkO,1734194403,5,0.98,med_hy7Sl1u98r7efmQH6X9wG,7e5141e722607adc76ca82568b098590.jpg,data/media/img_hash//7e5141e722607adc76ca82568b098590.jpg,,
success,req_hy7SI10GSVFFbjiw3hAE8,1734194428,5,0.5,med_hy7SAiFf6dJo5uBOJnzYQ,84b5aee499337e8b643e537354c14cbf.png,data/media/img_hash//84b5aee499337e8b643e537354c14cbf.png,,
success,req_hy7SHcgdiJ9vesaSfbeIS,1734194438,5,0.01,med_hy7SscxoazQM9ZJX3SdDP,86242d140375fc271854dcca09d0c82d.jpg,data/media/img_hash//86242d140375fc271854dcca09d0c82d.jpg,,
success,req_hy7SQ8eqRspbZYs2FAaAc,1734194446,5,0.01,med_hy7SOx3ubAzC81grgJDyP,88170a8152709f55e9b7ba425b837c84.png,data/media/img_hash//88170a8152709f55e9b7ba425b837c84.png,,
success,req_hy7SVqtZkg1Jvo191EY18,1734194451,5,0.9,med_hy7S1hmVYaZXN4tG875Za,896213abe1cbcef57d9d815fe7d80c6e.jpg,data/media/img_hash//896213abe1cbcef57d9d815fe7d80c6e.jpg,1,
success,req_hy7TEvoofoX6WZS8xNKKr,1734194504,5,0.01,med_hy7TGHRU3MvDfVSPU5dVe,98390170995c2685e314c2c3bc68e2e8.jpg,data/media/img_hash//98390170995c2685e314c2c3bc68e2e8.jpg,,
success,req_hy7T3y693rJllEp50Jf9P,1734194518,5,0.99,med_hy7TQx601OopiQSEezU7o,9b359745d8bda003d3fee4b17a16788a.jpg,data/media/img_hash//9b359745d8bda003d3fee4b17a16788a.jpg,1,
success,req_hy7Ufg7qfOz6xaVDjJDNC,1734194522,5,0.92,med_hy7UmFPURQdVmZKa9SyBu,9c488c03bab0dd55d82424aa0af39e7c.jpg,data/media/img_hash//9c488c03bab0dd55d82424aa0af39e7c.jpg,,
success,req_hy7UNrP3JXT0x0sO78E8J,1734194540,5,0.02,med_hy7UJuU95HgZRTWU2F4FU,a06f0f26678797659409fec6ace9fd15.jpg,data/media/img_hash//a06f0f26678797659409fec6ace9fd15.jpg,,
success,req_hy7UdOaJFkiHq4oywk3kP,1734194557,5,0.01,med_hy7UkbBhnFJggRsSuzlRp,a4b83f8d50ed50b8d35e7c41d7c35fce.jpg,data/media/img_hash//a4b83f8d50ed50b8d35e7c41d7c35fce.jpg,,
success,req_hy7UbwIKu9lVO1WyUw2FV,1734194557,5,0.01,med_hy7UMYpg9FMl4gcwMdvox,a4fa9e7f391d968d4c761694517e831c.jpg,data/media/img_hash//a4fa9e7f391d968d4c761694517e831c.jpg,,
success,req_hy7Uj3YqcAtu5tJkpSyTC,1734194560,5,0.02,med_hy7UYJA54eUOIlEoW8s3U,a5c756461ff04fb1633edf4c57d7c96c.png,data/media/img_hash//a5c756461ff04fb1633edf4c57d7c96c.png,,
success,req_hy7U4xtpAhXz4hjXabawt,1734194561,5,0.01,med_hy7UlBZ9FVXQMuaycNMLD,a6488b33d7063912395466e5b71fa796.jpg,data/media/img_hash//a6488b33d7063912395466e5b71fa796.jpg,,
success,req_hy7XzdQg7CcBBDx7DDmOk,1734194706,5,0.01,med_hy7X8wbApKndeV2Y5nKbb,cc9db1c72c70ab0519f3d640aa1e51eb.png,data/media/img_hash//cc9db1c72c70ab0519f3d640aa1e51eb.png,,
success,req_hy7XljvRK9TSQc3KMrWrL,1734194712,5,0.81,med_hy7XYI3Pw7IWppmgxPA9x,cdc6217133fdef862b5c2d27a0c9ae7a.png,data/media/img_hash//cdc6217133fdef862b5c2d27a0c9ae7a.png,,
success,req_hy7X0ElmsOZK0MAwvGSXq,1734194728,5,0.55,med_hy7XxMwIh2v0yO1hFBAJS,d1ebd9ff3ce49457cc0c75a91d65b460.png,data/media/img_hash//d1ebd9ff3ce49457cc0c75a91d65b460.png,,
success,req_hy7XLYtxstSJO2jbG2zix,1734194756,5,0.01,med_hy7XSDeEMzjwMos8mNuEw,d7c4d6bb307a11483476e6e3610825d9.png,data/media/img_hash//d7c4d6bb307a11483476e6e3610825d9.png,,
success,req_hy7YIozbaIDbd11JzGenl,1734194761,5,0.96,med_hy7Y2fv26CfIgKgu31hWL,d96dfdb34aeb0f5a6f30ded2d5d0e648.jpg,data/media/img_hash//d96dfdb34aeb0f5a6f30ded2d5d0e648.jpg,1,
success,req_hy7Y5bWVl2m1aCs5tT42W,1734194783,5,0.96,med_hy7YE0UjBjT5BiJua8lkY,df58205b5550a3d94be5b0e55843c083.png,data/media/img_hash//df58205b5550a3d94be5b0e55843c083.png,,
success,req_hy7YO0wsnpFiwLGrq7Y63,1734194793,5,0.01,med_hy7YHaI7jGG5wSQC6H0Lc,e2bd882014d647e3a3629f12639053ea.png,data/media/img_hash//e2bd882014d647e3a3629f12639053ea.png,,
success,req_hy7YWDCMO29asJqV3ZmMq,1734194803,5,0.02,med_hy7YOj8Bi1ul10EblgvMj,e5a27e0383b43f6e550ffb46e7ef1cdc.png,data/media/img_hash//e5a27e0383b43f6e550ffb46e7ef1cdc.png,,
success,req_hy7YRSG2VXELYAl29UxII,1734194805,5,0.01,med_hy7Y2eyKXJOR7A9AL0Mtj,e5e71d6804b4102516c2418febe24e4f.jpg,data/media/img_hash//e5e71d6804b4102516c2418febe24e4f.jpg,,
success,req_hy7Ytxh27kcoEIThGRgRF,1734194808,5,0.01,med_hy7YyQuWLUiK1aj5vKqdT,e63b6c7105014db8924f094ce3c8217f.jpg,data/media/img_hash//e63b6c7105014db8924f094ce3c8217f.jpg,,
success,req_hy7ZViQ4NPnZUWy2wAgbr,1734194822,5,0.02,med_hy7ZrlTcVJYwV1F03pEqk,e984cc590986eab169cc3bf67ac8eb4b.png,data/media/img_hash//e984cc590986eab169cc3bf67ac8eb4b.png,,
success,req_hy7ZSMqiMVSFBz95GPLQK,1734194862,5,0.64,med_hy7Z34n5jGEwqLQaVJkzW,f39accebf7e697991d11892f48fa2907.jpg,data/media/img_hash//f39accebf7e697991d11892f48fa2907.jpg,,
success,req_hy805TILh3UqXOnGekSNh,1734194882,5,0.58,med_hy80OLMrpYzFBcvhG13Hm,f7fb9ca65aa862cd956d15affca887fd.jpg,data/media/img_hash//f7fb9ca65aa862cd956d15affca887fd.jpg,1,
success,req_hy8mpH3GA8z0iovTy5QEZ,1734196259,5,0.67,med_hy8maqTfZbTCk8bcBYWUN,034ae69b7498bd52c9a31aeca8412e10_1.png,output_frames//034ae69b7498bd52c9a31aeca8412e10_1.png,,
success,req_hy8nEruH7W4QX1LgbWZa4,1734196266,5,0.01,med_hy8nPVX5X90eaifzWVSPQ,0562c3af6508cecca84b8e85a6065e1e_2.png,output_frames//0562c3af6508cecca84b8e85a6065e1e_2.png,,
success,req_hy8n5ib5cCcP7U6hp5hRM,1734196271,5,0.84,med_hy8nMDg1PylRGJRrKZ7kw,068fcc4fbd03bb702caf4ba0c94f03fc_2.png,output_frames//068fcc4fbd03bb702caf4ba0c94f03fc_2.png,,
success,req_hy8nTzeSZB50ZlIbAmdns,1734196273,5,0.56,med_hy8nMlKQVvqZy0jQlKeTh,07736cec3c8b9c2027960bffacc809f5_2.png,output_frames//07736cec3c8b9c2027960bffacc809f5_2.png,,
success,req_hy8nVudhhSd66anWyx6XC,1734196301,5,0.02,med_hy8nvgxqV5duryRMfSMsG,0f95070ce009a1c760608c480bfe71d5_1.png,output_frames//0f95070ce009a1c760608c480bfe71d5_1.png,,
success,req_hy8nZuJ12rtJJqDAVE5k4,1734196304,5,0.92,med_hy8n7YiIj3sjqE9EphvHX,0fbcc2307e78313df2ffb8a5812b77e3_1.png,output_frames//0fbcc2307e78313df2ffb8a5812b77e3_1.png,1,
success,req_hy8oQcCXAHpvYr8JUgxBL,1734196325,5,0.63,med_hy8oxTQeycGKlGXnHgYwZ,1411f93ba2cfe92292b8e1cab37b937d_1.png,output_frames//1411f93ba2cfe92292b8e1cab37b937d_1.png,,
success,req_hy8oQ3JvQS05Gt7WxVgDt,1734196325,5,0.94,med_hy8ostlQRfEBIw2DEIHIu,1411f93ba2cfe92292b8e1cab37b937d_2.png,output_frames//1411f93ba2cfe92292b8e1cab37b937d_2.png,,
success,req_hy8oJvRKDmOuuYWDkMrH1,1734196338,5,0.03,med_hy8oRwqgKaArRHUCpn8xl,16eab3795c314f45198bdd8142fffd93_3.png,output_frames//16eab3795c314f45198bdd8142fffd93_3.png,,
success,req_hy8oYWC2EXPDuTvhPRv16,1734196345,5,0.99,med_hy8ojUmWK7XhDjcIwn3FI,193146f60032200b13420eaf51fb7a58_1.png,output_frames//193146f60032200b13420eaf51fb7a58_1.png,1,
success,req_hy8owJxktgLpXtOKMvp1y,1734196345,5,0.99,med_hy8o1nkwO8iznKrZVDO2K,193146f60032200b13420eaf51fb7a58_2.png,output_frames//193146f60032200b13420eaf51fb7a58_2.png,1,
success,req_hy8oVqdiW4PDCjd9u0jBC,1734196346,5,0.99,med_hy8obmHmy1lPW9YU6O6EV,193146f60032200b13420eaf51fb7a58_3.png,output_frames//193146f60032200b13420eaf51fb7a58_3.png,1,
success,req_hy8olxFXB8pnaXTZCCASr,1734196355,5,0.52,med_hy8oDZPY7uV27w4xu7G5M,1a80cdaef56cc955400933652e539112_2.png,output_frames//1a80cdaef56cc955400933652e539112_2.png,,
success,req_hy8oys7s7f5CfV6JZw550,1734196358,5,0.74,med_hy8ol3cWecQQ6lzdmZCYs,1b89c14b90d77fcfb91f6ca4949b2b9f_1.png,output_frames//1b89c14b90d77fcfb91f6ca4949b2b9f_1.png,,
success,req_hy8ox3lY6pjPwO8J3DcSw,1734196364,5,0.02,med_hy8oNFStZckP9JH3dp4wG,1c86f46dec1e263f70ee5a76d509d86b_1.png,output_frames//1c86f46dec1e263f70ee5a76d509d86b_1.png,,
success,req_hy8oyeGeP3cMsqcbfw3gx,1734196370,5,0.54,med_hy8oqWFXdQwYKO6tWcIOB,1de2a7ce723ab4580a959c91b3c12fc6_3.png,output_frames//1de2a7ce723ab4580a959c91b3c12fc6_3.png,1,
success,req_hy8pNNeVQu6xkO4kRJw7W,1734196387,5,0.02,med_hy8pxPEpZQBvIesvXtrUP,21d142abee1c1572af7469ca51151e62_3.png,output_frames//21d142abee1c1572af7469ca51151e62_3.png,,
success,req_hy8pODAkQQZTyNZSAwp7o,1734196387,5,0.57,med_hy8p0BB6IXL2GYf6CaF8a,22323bb2a6ae11f4fd4bd6183274cd5b_1.png,output_frames//22323bb2a6ae11f4fd4bd6183274cd5b_1.png,,
success,req_hy8piD0Ixb6BseF2FyIxa,1734196397,5,0.01,med_hy8p0twvjhwg8uiuQ4DEH,254b39b2b65d954e203edce356d3928b_3.png,output_frames//254b39b2b65d954e203edce356d3928b_3.png,,
success,req_hy8p6eJ5A8CCimDDSyKuk,1734196417,5,0.54,med_hy8pm2LAVBxOLsWWj5nTT,292f0777a5fe61b275fb02269b106ee5_3.png,output_frames//292f0777a5fe61b275fb02269b106ee5_3.png,,
success,req_hy8pc8WZo7Gywc0yXhVBU,1734196418,5,0.81,med_hy8ppYhAdAsZOseEgjyo1,296015b33c412b815a34d0eb7176a97e_1.png,output_frames//296015b33c412b815a34d0eb7176a97e_1.png,,
success,req_hy8pV0k3uyAnDv5jUhXPE,1734196433,5,0.01,med_hy8pdq5O44nTwVF6oycF9,2aec746bd6e060822a93066226b05dc6_2.png,output_frames//2aec746bd6e060822a93066226b05dc6_2.png,,
success,req_hy8qisNFprPx6E0eQphEg,1734196441,5,0.99,med_hy8qdWL5xWbXl3yWyI9lv,2cabea0bead9effd8d7904eef7559648_1.png,output_frames//2cabea0bead9effd8d7904eef7559648_1.png,,
success,req_hy8qOYObBeeSKiVkWGANE,1734196442,5,0.99,med_hy8q9dxEEzGW5bm9txXjo,2cabea0bead9effd8d7904eef7559648_2.png,output_frames//2cabea0bead9effd8d7904eef7559648_2.png,,
success,req_hy8qSAfJd2MkFXzV4aFls,1734196443,5,0.7,med_hy8qLMma4kE7HTmrDjf78,2cfe95c38a839abb7c3babfeef0469a8_1.png,output_frames//2cfe95c38a839abb7c3babfeef0469a8_1.png,1,
success,req_hy8q54As8UTYIWUb4h8gb,1734196462,5,0.03,med_hy8qh39s2xLwQfrwUYs2K,30a80c33ecee82cd77c86253c6414cb2_3.png,output_frames//30a80c33ecee82cd77c86253c6414cb2_3.png,,
success,req_hy8qgKsWQpZkpPnPMg3H5,1734196466,5,0.72,med_hy8qxN081lKJUPJjMZTiF,3172f764b651d4f99c8a5243bb78df36_1.png,output_frames//3172f764b651d4f99c8a5243bb78df36_1.png,,
success,req_hy8qsWriaSWArrwHMPSIh,1734196469,5,0.64,med_hy8qIDN7DUiPDYOr0iZbx,31883824176857bec403a5017b5cf61d_2.png,output_frames//31883824176857bec403a5017b5cf61d_2.png,,
success,req_hy8qabt1CJ188wSydSix2,1734196474,5,0.82,med_hy8qZ01PXhhF8OrfrMUgI,326c351dc8d6fb83e7cec4666b7b6f5a_1.png,output_frames//326c351dc8d6fb83e7cec4666b7b6f5a_1.png,,
success,req_hy8qb4n3NykLU9Ex076tk,1734196477,5,0.98,med_hy8qnmiqWlpSBFf1RKLgh,332b5f79eb9f42dcdca0c7e4dc199558_1.png,output_frames//332b5f79eb9f42dcdca0c7e4dc199558_1.png,,
success,req_hy8q8ZjLCIbAvooOsjbqk,1734196477,5,0.99,med_hy8qBZuX1l1DVmyMGvLW8,332b5f79eb9f42dcdca0c7e4dc199558_2.png,output_frames//332b5f79eb9f42dcdca0c7e4dc199558_2.png,,
success,req_hy8qDIgU5aZJQ8NGWYvWO,1734196478,5,0.01,med_hy8qLFmNIe9vZUDxdhZCB,337e7aa7e59252cb5970649cfd7b9d9e_1.png,output_frames//337e7aa7e59252cb5970649cfd7b9d9e_1.png,,
success,req_hy8r1agrfOH1Oct53WJdM,1734196504,5,0.05,med_hy8rJADPz9dNhwlgVGhWj,39481cf28d32818547ab16af9a2b55bc_1.png,output_frames//39481cf28d32818547ab16af9a2b55bc_1.png,,
success,req_hy8reOhELaSi50aRKhx4c,1734196514,5,0.94,med_hy8r03SnnMe0sYroAYb7P,3c7e5e64bb83b172df204860a58700f5_1.png,output_frames//3c7e5e64bb83b172df204860a58700f5_1.png,,
success,req_hy8rB0XwMnMNoGFUbLUHv,1734196549,5,0.85,med_hy8rhNnCFkqIblTe71Gid,41a3f0e5cea1a9e4cee5fb056601bcea_1.png,output_frames//41a3f0e5cea1a9e4cee5fb056601bcea_1.png,,
success,req_hy8rISoQaA0sF7fY4budA,1734196554,5,0.66,med_hy8rUmQxrwAuhx9XHq24F,41dbbae00d382ba4d929621b6b8a587a_3.png,output_frames//41dbbae00d382ba4d929621b6b8a587a_3.png,,
success,req_hy8raDc7MxAazoByO4K6b,1734196560,5,0.02,med_hy8rIEEZ7zFNXI0cLAC7K,42bc12692e8d02717a19bb458291aea3_1.png,output_frames//42bc12692e8d02717a19bb458291aea3_1.png,,
success,req_hy8s9upkoxcXaHCdANByz,1734196563,5,0.57,med_hy8sa9AZUHo5J960qnMRi,4359a0ed7e768cc94c1fc71ac66112ca_3.png,output_frames//4359a0ed7e768cc94c1fc71ac66112ca_3.png,,
success,req_hy8s0AlmoeKRNULSNPmWk,1734196566,5,0.2,med_hy8sM2By5Tq4155qJaXoP,44c1ee04144012625a71db5747347d9e_2.png,output_frames//44c1ee04144012625a71db5747347d9e_2.png,,
success,req_hy8s8AWd49FmTniyZgsqM,1734196580,5,0.99,med_hy8saeuSJOl1j00nqPTPe,49ef09a72bc34867fed35d6306d43ecc_1.png,output_frames//49ef09a72bc34867fed35d6306d43ecc_1.png,1,
success,req_hy8sl0IFVmYsKzjCeKxU4,1734196580,5,0.99,med_hy8sQA97vHMIq1LST0S4N,49ef09a72bc34867fed35d6306d43ecc_2.png,output_frames//49ef09a72bc34867fed35d6306d43ecc_2.png,1,
success,req_hy8s0nEHVv33jmz5MbMVz,1734196581,5,0.99,med_hy8sz9YJKRVyhwha8U8uF,49ef09a72bc34867fed35d6306d43ecc_3.png,output_frames//49ef09a72bc34867fed35d6306d43ecc_3.png,1,
success,req_hy8sPklUfTw4umOflZu0m,1734196600,5,0.88,med_hy8sf26Dxeq5QMQS74zr1,4d283ef0f067a9e414a62043051a8d97_2.png,output_frames//4d283ef0f067a9e414a62043051a8d97_2.png,,
success,req_hy8sEYsQKVMHoDcPB5rS6,1734196601,5,0.8,med_hy8s0e9cTBNmo25eTvwHf,4d283ef0f067a9e414a62043051a8d97_3.png,output_frames//4d283ef0f067a9e414a62043051a8d97_3.png,,
success,req_hy8suGDHr9WN5OLa4gcSU,1734196608,5,0.99,med_hy8sIScYHj3rTi09ZQAkY,4ee33405f367757f5b552b4444afc348_1.png,output_frames//4ee33405f367757f5b552b4444afc348_1.png,1,
success,req_hy8sxuBcrGqZy5sUhRdsc,1734196609,5,0.99,med_hy8sdIgxuuSdDzfrIgaN8,4ee33405f367757f5b552b4444afc348_2.png,output_frames//4ee33405f367757f5b552b4444afc348_2.png,1,
success,req_hy8so5IYAkKJFHIbnl6Pl,1734196609,5,0.99,med_hy8sYG3b6Rjh5RN2cPybX,4ee33405f367757f5b552b4444afc348_3.png,output_frames//4ee33405f367757f5b552b4444afc348_3.png,1,
success,req_hy8scszz0mbIdfi6uug4E,1734196614,5,0.97,med_hy8sSWTr4IQJNzCBKM9Jj,4fbc77dace83004d927bd56f732f885a_3.png,output_frames//4fbc77dace83004d927bd56f732f885a_3.png,,
success,req_hy8sqKxEJ7BvZLp2W1m1A,1734196619,5,0.6,med_hy8sldfUqqXI17LEQV7JX,51d7cd15543224c38c9b7966469d2b39_1.png,output_frames//51d7cd15543224c38c9b7966469d2b39_1.png,,
success,req_hy8tHKfFU0W26sm8sIa0O,1734196623,5,0.98,med_hy8tocurCelt8E5pbjUyb,522ca4acaa55c88d7ea49a66c2ae3df0_2.png,output_frames//522ca4acaa55c88d7ea49a66c2ae3df0_2.png,,
success,req_hy8ttVIQLEug2nX0JEMe8,1734196631,5,0.85,med_hy8taeYJpxyCY8SdsctbZ,53d885187322aa74d5a8edf85109dfed_2.png,output_frames//53d885187322aa74d5a8edf85109dfed_2.png,,
success,req_hy8t3Tj9i1izM32U4iDId,1734196632,5,0.85,med_hy8tr9msMx0CjgWJRkPuB,53d885187322aa74d5a8edf85109dfed_3.png,output_frames//53d885187322aa74d5a8edf85109dfed_3.png,,
success,req_hy8tTm3xyw2n445jC4mgI,1734196646,5,0.02,med_hy8tbkCBm9fxOzdp3LnOA,5601201976f5bd1cad3ef976f1c4fce1_1.png,output_frames//5601201976f5bd1cad3ef976f1c4fce1_1.png,,
success,req_hy8tpgF216k5U7cvEUTLl,1734196650,5,0.58,med_hy8tVZFXaF1xP0FerwQ99,562abc61f9e67ad2d4ea7c36ec788841_3.png,output_frames//562abc61f9e67ad2d4ea7c36ec788841_3.png,,
success,req_hy8tPdvy9yklxaj0kIZKs,1734196678,5,0.01,med_hy8tjDShOwQdwplg1iyen,5a850ec74840f2bef6ebfe72fe709d9d_3.png,output_frames//5a850ec74840f2bef6ebfe72fe709d9d_3.png,,
success,req_hy8u37jpRQNWwPU1CkTS6,1734196711,5,0.64,med_hy8ugPyHwjtr70gqZHBCf,602334fb4e40292d177f46f92f875050_2.png,output_frames//602334fb4e40292d177f46f92f875050_2.png,,
success,req_hy8uDUbAZpvLeeGDJjbfn,1734196716,5,0.99,med_hy8u68teCM8vXUJi2bHTi,619dc0151a21af8f54e720bd9e8829db_1.png,output_frames//619dc0151a21af8f54e720bd9e8829db_1.png,1,
success,req_hy8u4qrhbDo6Y0Pt1KEdi,1734196717,5,0.99,med_hy8uRZPLPn06jXBFaHElj,619dc0151a21af8f54e720bd9e8829db_2.png,output_frames//619dc0151a21af8f54e720bd9e8829db_2.png,1,
success,req_hy8uzW1DgwWRGULe2RyrP,1734196717,5,0.96,med_hy8uwr1QduWnpP8cPGB5n,619dc0151a21af8f54e720bd9e8829db_3.png,output_frames//619dc0151a21af8f54e720bd9e8829db_3.png,1,
success,req_hy8u2TTNq5NtHSW5SUzFA,1734196720,5,0.98,med_hy8uvxDSjU0ZjeUEb8Gs3,622bb4c2ca35dd5b4f9307f7ac2f323a_3.png,output_frames//622bb4c2ca35dd5b4f9307f7ac2f323a_3.png,,
success,req_hy8uk9cAIaYvsdywwvb2Q,1734196731,5,0.77,med_hy8u0kJkAFl2XlgztBRD4,658b4724f90858f5496a8f9dc50df3a1_2.png,output_frames//658b4724f90858f5496a8f9dc50df3a1_2.png,,
success,req_hy8uwOn1MoqfLLiTdmBxh,1734196733,5,0.99,med_hy8ucRtswUh0U5TKcY0SH,664525c4c79cb8687765711c80961e52_1.png,output_frames//664525c4c79cb8687765711c80961e52_1.png,1,
success,req_hy8uG6tut5rftpNFcYksK,1734196733,5,0.99,med_hy8uETOeZ4rvzLvm3Vi8w,664525c4c79cb8687765711c80961e52_2.png,output_frames//664525c4c79cb8687765711c80961e52_2.png,1,
success,req_hy8uHwr0hl7aQyDiua77T,1734196733,5,0.99,med_hy8u3zZ5DPHR4IHOqew1b,664525c4c79cb8687765711c80961e52_3.png,output_frames//664525c4c79cb8687765711c80961e52_3.png,1,
success,req_hy8ujBUNGBV1rsdZ79bWL,1734196734,5,0.73,med_hy8uRJKiBbVaMhlAd2Q0f,668a05682571f3ffcc6ea9d6f6f6b768_3.png,output_frames//668a05682571f3ffcc6ea9d6f6f6b768_3.png,,
success,req_hy8vMBaawML6HMzDE7Uh5,1734196746,5,0.68,med_hy8vbu2AFEtPkXZX7b2ko,69eeb0e0b89c6a6f80628f9950e762b9_1.png,output_frames//69eeb0e0b89c6a6f80628f9950e762b9_1.png,,
success,req_hy8vOjdy9ycOjCwTsKlF7,1734196764,5,0.01,med_hy8v2Eyt7zFnHZ0YJcT6g,700c6e05ae263a4788fa34b4c439ec56_1.png,output_frames//700c6e05ae263a4788fa34b4c439ec56_1.png,,
success,req_hy8vqMSge1hTY4gJyJeRz,1734196773,5,0.58,med_hy8vsjMaSRqSredALB6kW,73d27ebf0284aa5a60a679959a61bed0_3.png,output_frames//73d27ebf0284aa5a60a679959a61bed0_3.png,,
success,req_hy8vnXq9ArzWcJpspmTgh,1734196784,5,0.01,med_hy8vtZ7Remdn14MvliXXo,7734c289068a3869aa970e7c8fed084b_3.png,output_frames//7734c289068a3869aa970e7c8fed084b_3.png,,
success,req_hy8vNyKPtqILD4fOfkyBa,1734196787,5,0.75,med_hy8vfZtH1sTGWCZuucq0I,7799756793939b5368b13ceb13195f5a_1.png,output_frames//7799756793939b5368b13ceb13195f5a_1.png,,
success,req_hy8vAiZZVcc3E2oSD9Rv8,1734196788,5,0.89,med_hy8vRcxiFf12HIh6JdDxo,7799756793939b5368b13ceb13195f5a_3.png,output_frames//7799756793939b5368b13ceb13195f5a_3.png,,
success,req_hy8vs3mbZ7mlhbqQQzElu,1734196791,5,0.02,med_hy8vnnocVJS56ySgtutrS,781faf5d39eaf71c594b4752f1c133ca_3.png,output_frames//781faf5d39eaf71c594b4752f1c133ca_3.png,,
success,req_hy8w2mTXHWZL8YV0cHW6b,1734196800,5,0.73,med_hy8wg2VcQElpA3fgywi3d,7b9b16980a0750d3c410e4ebf872e492_3.png,output_frames//7b9b16980a0750d3c410e4ebf872e492_3.png,,
success,req_hy8wf3VTtVXqCnhHGULds,1734196807,5,0.99,med_hy8wKMOPRoXCxDDXgV88B,7cef5a8ea0d4169346c3d6a9a6f939aa_1.png,output_frames//7cef5a8ea0d4169346c3d6a9a6f939aa_1.png,,
success,req_hy8wLlZPkQed7aStDiHoX,1734196814,5,0.01,med_hy8wSAQcsjvx0B0v1XOrv,7e927d918318bd2912fe45274c1d6c4b_1.png,output_frames//7e927d918318bd2912fe45274c1d6c4b_1.png,,
success,req_hy8wAAI54WSXExa1XXOQJ,1734196825,5,0.76,med_hy8wC69bdk24P6GZ5ByQB,83ab07c828eb774577310820df6cd3a2_3.png,output_frames//83ab07c828eb774577310820df6cd3a2_3.png,,
success,req_hy8wqJWN4cnmBkptPNtoo,1734196834,5,0.01,med_hy8wkUUVTe7JHYqYxPfq4,87e854f7a1d328e7c409f976e64b923b_1.png,output_frames//87e854f7a1d328e7c409f976e64b923b_1.png,,
success,req_hy8w1ACtG6x0FjRik1B4a,1734196837,5,0.01,med_hy8wWnQX0k2E24oqT3Os0,88443c14176657b51e716a1f3bb635df_3.png,output_frames//88443c14176657b51e716a1f3bb635df_3.png,,
success,req_hy8wXkSgnAguJJjJKnxGG,1734196857,5,0.82,med_hy8wwL1X8qJMBErPvXkRR,8fb40eab1dc633465c15df0a2bd4beda_1.png,output_frames//8fb40eab1dc633465c15df0a2bd4beda_1.png,,
success,req_hy8wvqSIqtgvv3iB2xx8x,1734196858,5,0.92,med_hy8wEHI7r5q7KgSWuSKy6,8fb40eab1dc633465c15df0a2bd4beda_2.png,output_frames//8fb40eab1dc633465c15df0a2bd4beda_2.png,,
success,req_hy8wSMdVDD7IRTtmhLhF4,1734196858,5,0.8,med_hy8wXnVaX5KGijdh4Zoza,8fb40eab1dc633465c15df0a2bd4beda_3.png,output_frames//8fb40eab1dc633465c15df0a2bd4beda_3.png,,
success,req_hy8xtob9KsoRMWuLPLEIz,1734196863,5,0.76,med_hy8x2CJHwOsDe4xSggqfj,90abfbff567844b4066f4d8033b09450_2.png,output_frames//90abfbff567844b4066f4d8033b09450_2.png,,
success,req_hy8xk8enQYUGTAoARwEo6,1734196866,5,0.81,med_hy8xyvTBSN1CPJrh8e3gw,91a4b905609ef40aecbc579e41444bcb_2.png,output_frames//91a4b905609ef40aecbc579e41444bcb_2.png,,
success,req_hy8xLw60g7tE6ZUQu4s2S,1734196872,5,0.01,med_hy8xb4h9FqDWUFJgsm1P7,928e3775066315a3c3b7c23fcfe5aadf_3.png,output_frames//928e3775066315a3c3b7c23fcfe5aadf_3.png,,
success,req_hy8x7SD71mT01cG8lg4u2,1734196875,5,0.02,med_hy8xLSWZ8QVnYrF3BTgEt,930b8b80f73f7f110bbfd7b953bebd5b_3.png,output_frames//930b8b80f73f7f110bbfd7b953bebd5b_3.png,,
success,req_hy8x385p4XqSRIgbWXJHB,1734196894,5,0.01,med_hy8xSR8r46lvxylb7kxbE,990e85b2a5b45a242627669c669e3a50_2.png,output_frames//990e85b2a5b45a242627669c669e3a50_2.png,,
success,req_hy8x1DIG5h07zNh3to6Ss,1734196900,5,0.55,med_hy8xoWaBdbM9RVabJM5EF,9b95c3d2aa6c6bbc56fc8f15410a6564_2.png,output_frames//9b95c3d2aa6c6bbc56fc8f15410a6564_2.png,1,
success,req_hy8x92NtOtzrW6CnCAi3X,1734196906,5,0.71,med_hy8xdiopuBqiejlLBnImy,9e6f7eecde1f5ca3dac6730212039ef6_1.png,output_frames//9e6f7eecde1f5ca3dac6730212039ef6_1.png,,
success,req_hy8yI9DgCNb9D0eBrs0zj,1734196920,5,0.99,med_hy8ypvsxWpo6Yh0XpLM5B,a366328377cc424727672e65050622f9_1.png,output_frames//a366328377cc424727672e65050622f9_1.png,1,
success,req_hy8y2BC2kHjofaRIdvLKX,1734196920,5,0.81,med_hy8y1Qvg1nNcxj8BDi9E9,a366328377cc424727672e65050622f9_2.png,output_frames//a366328377cc424727672e65050622f9_2.png,1,
success,req_hy8y4mgTBo4sSxTiPiVQS,1734196921,5,0.99,med_hy8yFROaYSNK9HxMPLSft,a366328377cc424727672e65050622f9_3.png,output_frames//a366328377cc424727672e65050622f9_3.png,1,
success,req_hy8yLGRIclTwhEr7arDmK,1734196922,5,0.03,med_hy8y8SVeloTZMKzN4xe8C,a3701da1bde0c1e49844bfd192f727d8_3.png,output_frames//a3701da1bde0c1e49844bfd192f727d8_3.png,,
success,req_hy8yXt4EqxHCdJR33EgTf,1734196946,5,0.54,med_hy8ySkPT8gfCYiLVDftak,a7f016c693d03a6786cc7ca438e52087_1.png,output_frames//a7f016c693d03a6786cc7ca438e52087_1.png,,
success,req_hy8y2cjto5hSQ4UoH5YGx,1734196960,5,0.86,med_hy8yq47r5MUAFqcCSTEtY,ad9734cc432e74d05d14651badbf923b_1.png,output_frames//ad9734cc432e74d05d14651badbf923b_1.png,,
success,req_hy8yrodcwlLeskOX61MZD,1734196963,5,0.85,med_hy8ylEKN9LGKxbMfXdMFH,ae4c22f36329b64497001c18f92a86bd_3.png,output_frames//ae4c22f36329b64497001c18f92a86bd_3.png,,
success,req_hy8yhrLXWXXdJirikBGiV,1734196970,5,0.56,med_hy8ycV1F2y1OtZD6xYo44,af5d0dca3e776e96ee53248d028c662e_3.png,output_frames//af5d0dca3e776e96ee53248d028c662e_3.png,,
success,req_hy8zstooIzieuJd6Ty0SU,1734196988,5,0.83,med_hy8zXODlbWj0aWoV1LbVU,b46105e9b0995e3012307b36d7811870_2.png,output_frames//b46105e9b0995e3012307b36d7811870_2.png,,
success,req_hy8zyu6zGujq4mGyORE7Q,1734196988,5,0.91,med_hy8zK3u3IGwvGUmfL3uMH,b46105e9b0995e3012307b36d7811870_3.png,output_frames//b46105e9b0995e3012307b36d7811870_3.png,,
success,req_hy8zuKlacl88CH5TOmSBD,1734197009,5,0.94,med_hy8zT2AEpfiOjlxfFqiQZ,b8cb69bd2912ccc6729d5b45a8050aa7_2.png,output_frames//b8cb69bd2912ccc6729d5b45a8050aa7_2.png,,
success,req_hy8znIoOywHjJAtFBrMr8,1734197009,5,0.01,med_hy8zO6QYtOkzDVHRbw1Tn,b8cb69bd2912ccc6729d5b45a8050aa7_3.png,output_frames//b8cb69bd2912ccc6729d5b45a8050aa7_3.png,,
success,req_hy8zKOsAIyJ705jtww55F,1734197016,5,0.99,med_hy8zzdsvNz95Z0fJoUHuF,bbc72467db238749dcd03fd4ba25e9d7_2.png,output_frames//bbc72467db238749dcd03fd4ba25e9d7_2.png,,
success,req_hy8z2DBLcxem1HCgP6MQD,1734197022,5,0.9,med_hy8zPDUJQZqotkHL0kDO4,bd078d7e93cc89ed0f15ceb26498fdc4_3.png,output_frames//bd078d7e93cc89ed0f15ceb26498fdc4_3.png,,
success,req_hy8z5Cd5MjDjIWoLtGiQ6,1734197024,5,0.02,med_hy8z0RUtk8jHay02aYKXQ,bdcb09ff869053b26fe3335553f89d22_1.png,output_frames//bdcb09ff869053b26fe3335553f89d22_1.png,,
success,req_hy8zN0BUGWVUsL2aBZ4aX,1734197025,5,0.84,med_hy8zPTe1r4ppy1ydb1hOz,bdf218985c08677a25158f6f26c752ba_1.png,output_frames//bdf218985c08677a25158f6f26c752ba_1.png,,
success,req_hy8zkgpp1T4pRQdt3uqSS,1734197037,5,0.05,med_hy8z9Ro8oeWx2jxJxDp9r,c1abd5ff6ec5d5d26a60c430f4afaee2_3.png,output_frames//c1abd5ff6ec5d5d26a60c430f4afaee2_3.png,,
success,req_hy8z7PUpZPmZ3E6Ld7vpt,1734197038,5,0.92,med_hy8zk2YOvorHT0O8WjTIq,c2663346ed5476a1e91d22be7ba8d6c4_1.png,output_frames//c2663346ed5476a1e91d22be7ba8d6c4_1.png,,
success,req_hy8zjxctSuIUXU6sZ64pb,1734197039,5,0.75,med_hy8zZl6PJmIec4Zpt9wbi,c27a2e7f9163084089623268b4aa3656_1.png,output_frames//c27a2e7f9163084089623268b4aa3656_1.png,,
success,req_hy8AtZcGKB202bMhObuG4,1734197053,5,0.01,med_hy8AiIVIfqNicOB0jYa7f,c8ddcb7b1103d3809b151c8350f82449_3.png,output_frames//c8ddcb7b1103d3809b151c8350f82449_3.png,,
success,req_hy8AzNthIpaHRQWoF4GyT,1734197058,5,0.01,med_hy8AHdJp8JV3OQVNCPKvG,ca5d786a7b797e2d31896baccc6da810_1.png,output_frames//ca5d786a7b797e2d31896baccc6da810_1.png,,
success,req_hy8AfvJA3LGrcKx17Alfb,1734197059,5,0.75,med_hy8AIP53LacTjPOVRVftc,ca7e5d618274d031abb73d482bea39b4_1.png,output_frames//ca7e5d618274d031abb73d482bea39b4_1.png,,
success,req_hy8Aq1Hfan62syr80tII1,1734197060,5,0.01,med_hy8AUXVWMf47au0cuXoZP,ca7e5d618274d031abb73d482bea39b4_3.png,output_frames//ca7e5d618274d031abb73d482bea39b4_3.png,,
success,req_hy8A1nb7BDr7T4F4kYI1p,1734197061,5,0.81,med_hy8AAl8PAwfJJxq3rjAwE,caed69b794f3db7dd93c2fa463f3dea7_1.png,output_frames//caed69b794f3db7dd93c2fa463f3dea7_1.png,,
success,req_hy8ASBbMfOksS3sIZBTU6,1734197061,5,0.95,med_hy8AM9w4sdgcRo2mN8Kxz,caed69b794f3db7dd93c2fa463f3dea7_2.png,output_frames//caed69b794f3db7dd93c2fa463f3dea7_2.png,,
success,req_hy8A5cCcQ4WsJIKgJmltY,1734197073,5,0.51,med_hy8A1QNnLSJyCV2SCEApQ,d06fdcec5c9149cc32c6c11d654c43dc_3.png,output_frames//d06fdcec5c9149cc32c6c11d654c43dc_3.png,,
success,req_hy8AeuPaaCrj0yLc2nWdj,1734197076,5,0.73,med_hy8Aap94w9Ugprsmxl1kE,d123c477ade7bbcf137c98edb4ba3dbe_2.png,output_frames//d123c477ade7bbcf137c98edb4ba3dbe_2.png,,
success,req_hy8A6kQEXJkC2qnDLHxLc,1734197076,5,0.73,med_hy8AndA8DGdo6eeR6uiij,d123c477ade7bbcf137c98edb4ba3dbe_3.png,output_frames//d123c477ade7bbcf137c98edb4ba3dbe_3.png,,
success,req_hy8ACAbPFxke3aVgwnEYd,1734197076,5,0.98,med_hy8AWxFwUnB2y3SuaBZ3M,d1ea7bc28d0ea83c33921c771c32851c_1.png,output_frames//d1ea7bc28d0ea83c33921c771c32851c_1.png,,
success,req_hy8AYTH0TPgm3VljtScNx,1734197076,5,0.93,med_hy8AeDFpwfk78piZnQT9g,d1ea7bc28d0ea83c33921c771c32851c_2.png,output_frames//d1ea7bc28d0ea83c33921c771c32851c_2.png,,
success,req_hy8AQA0sJBik1DUzNpUTf,1734197088,5,0.63,med_hy8A0Vch96MVtgkrRQPz1,d5a03abeb93b74d51956b0e5c2330c49_2.png,output_frames//d5a03abeb93b74d51956b0e5c2330c49_2.png,,
success,req_hy8BLrJkY9kx99eTSEdfi,1734197110,5,0.99,med_hy8Bb2mtRA9imt9cbD4fF,e0487fd68000e3c4d18232639347dd41_1.png,output_frames//e0487fd68000e3c4d18232639347dd41_1.png,1,
success,req_hy8BKnvUGsciN086GjVnP,1734197110,5,0.99,med_hy8Bs8kjaviyZ0bSZa1M6,e0487fd68000e3c4d18232639347dd41_2.png,output_frames//e0487fd68000e3c4d18232639347dd41_2.png,1,
success,req_hy8Bf1waVhYFsmEOZNB3F,1734197110,5,0.99,med_hy8B6Alb45HQy6lxS6CD1,e0487fd68000e3c4d18232639347dd41_3.png,output_frames//e0487fd68000e3c4d18232639347dd41_3.png,1,
success,req_hy8B4V0rUCZF5zQ74Iom2,1734197111,5,0.01,med_hy8BFyGpzcfYCBGhkJrGs,e1f83cee794aea9e75948ee4be8b3576_1.png,output_frames//e1f83cee794aea9e75948ee4be8b3576_1.png,,
success,req_hy8BQluxiQ9vYeYm59uhf,1734197116,5,0.01,med_hy8BDt54kj9GjWGUyirIi,e3840f9d7138a267378f5fbd96d9f50a_1.png,output_frames//e3840f9d7138a267378f5fbd96d9f50a_1.png,,
success,req_hy8BAv6m7xFJoTvDcZnO5,1734197134,5,0.01,med_hy8BqQPOHLLHn5VQEM8xl,e73d4101889829cedea55206cae811fb_3.png,output_frames//e73d4101889829cedea55206cae811fb_3.png,,
success,req_hy8BD7m3hYHymiHh7CqT9,1734197134,5,0.56,med_hy8BhyFrnkjMElXJVYJD2,e74366759444cacfaf1018b4781393ef_2.png,output_frames//e74366759444cacfaf1018b4781393ef_2.png,,
success,req_hy8BRGgYj8sqnsZqb2kiA,1734197143,5,0.01,med_hy8BnqaxuaNKWa495SCkJ,ebadd02b596b3af7b9707a9d292df477_2.png,output_frames//ebadd02b596b3af7b9707a9d292df477_2.png,,
success,req_hy8BtByt8vjbiH2JdbWLU,1734197148,5,0.83,med_hy8BOuaiI8aCr8wIwVTgn,ed5b1f7072f63b2bb8dc15d0a53cfb16_3.png,output_frames//ed5b1f7072f63b2bb8dc15d0a53cfb16_3.png,,
success,req_hy8BrvpcjFVIsqSmUjR6k,1734197152,5,0.69,med_hy8Bh9HhN2eepBGCaaSlE,ee0d0a7ab2cbc5d9327c08c017b8498f_3.png,output_frames//ee0d0a7ab2cbc5d9327c08c017b8498f_3.png,,
success,req_hy8B2o5NS0ikHXeAXCNCy,1734197155,5,0.55,med_hy8BXO5f5r8EBVvQBdcqi,f1658206b71d6615a45316bbb48b50a9_1.png,output_frames//f1658206b71d6615a45316bbb48b50a9_1.png,,
success,req_hy8BAopl6wQSZ0wxPK3nd,1734197156,5,0.97,med_hy8B214peVBhT46vvEZ1W,f1658206b71d6615a45316bbb48b50a9_3.png,output_frames//f1658206b71d6615a45316bbb48b50a9_3.png,,
success,req_hy8B9C7IlDHedUTboDiZx,1734197157,5,0.01,med_hy8BinoTQ1rF2pQLaWaHI,f1e3439566d9aa7d1835b9f17f8b5fd0_2.png,output_frames//f1e3439566d9aa7d1835b9f17f8b5fd0_2.png,,
success,req_hy8BtKIV59aKSwwFCJgwO,1734197158,5,0.02,med_hy8BBN9H2eY05k0bQvLL7,f1ef1c4651a3f1917372eecf8906ff29_2.png,output_frames//f1ef1c4651a3f1917372eecf8906ff29_2.png,,
success,req_hy8B41mlZFitwk3F1TptR,1734197159,5,0.01,med_hy8BLBIDYpEzV8lHLlAmL,f2bac76617e7f3d12ee6ec7772492050_1.png,output_frames//f2bac76617e7f3d12ee6ec7772492050_1.png,,
success,req_hy8Cc1L94UhhSmwc1RO2H,1734197193,5,0.53,med_hy8CjVPfo7M7r094cn9Bk,fd6ceb6e5555dcc743a16752b2cda8d5_3.png,output_frames//fd6ceb6e5555dcc743a16752b2cda8d5_3.png,,
success,req_hy8ClkqEbC9UkeHXHLehv,1734197195,5,0.6,med_hy8Cgk499FjKV7WuIwJqs,fdb6fe71eab6700ea9343474aaab8868_3.png,output_frames//fdb6fe71eab6700ea9343474aaab8868_3.png,,
success,req_hy8CLGqhgC568hx5lgGu4,1734197197,5,0.01,med_hy8CsIe7QIlx79zv2e9vJ,fe6ba69b9aaff640491e9fcad62f4ae9_2.png,output_frames//fe6ba69b9aaff640491e9fcad62f4ae9_2.png,,
success,req_hy8CaEUWdk23gu7AtiuV3,1734197200,5,0.73,med_hy8CbZ9dr7NNBMXTqZ9Qp,feec2eba51710a118391675d18f117ef_3.png,output_frames//feec2eba51710a118391675d18f117ef_3.png,,